"Name","Height"
"Adolfo Daniel Vallejo",183
"Ainius Sabaliauskas",191
"Aissa Benchakroun",203
"Alan Fernando Rubio Fierros",175
"Alastair Gray",188
"Alberto Emmanuel Alvarado Larin",
"Alberto Lim",
"Aleksandar Kovacevic",183
"Aleksandre Bakshi",180
"Alen Avidzba",188
"Alex Diaz",188
"Alex Fairbanks",
"Alexander Ritschard",193
"Alexander Shevchenko",185
"Alexander Zgirovsky",191
"Alexis Galarneau",180
"Alexis Klegou",188
"Amer Naow",
"Amir Hossein Badi",
"Amr Elsayed Abdou Ahmed Mohamed",
"Andrea Basso",185
"Andrej Nedic",
"Andres Martin",183
"Anthony Jackie Tang",183
"Anthony Susanto",
"Ari Fahresi",
"Aristotelis Thanos",
"Ayed Zatar",200
"Aleksandar Vukic",188
"Alexandar Lazarov",191
"Alexander Erler",193
"Alibek Kachmazov",185
"Altug Celikbilek",183
"Aqeel Khan",
"Arthur Cazaux",183
"Arthur Rinderknech",196
"August Holmgren",188
"Aziz Dougaz",188
"Aziz Ouakaa",
"Beibit Zhukayev",196
"Ben Shelton",193
"Bogdan Borza",185
"Bor Artnak",
"Brandon Holt",185
"Brandon Perez",191
"Brian Shi",
"Bu Yunchaokete",183
"Caleb Chakravarthi",188
"Camilo Ugo Carabelli",185
"Carlos Gimeno Valero",191
"Cesar Cruz",
"Chak Lam Coleman Wong",191
"Cheng Yu Yu",188
"Ching Lam",
"Christian Sigsgaard",193
"Christoffer Konigsfeldt",188
"Christophe Tholl",
"Christopher Diaz Figueroa",175
"Chun Hun Wong",170
"Cole Gromley",185
"Coleman Wong",191
"Daniel Cukierman",
"Daniels Tens",
"Daniil Ostapenkov",
"Darko Bojanovic",180
"David Agung Susanto",
"David Souto",191
"David Szintai",
"Delmas Ntcha",
"Diego Fernandez Flores",185
"Dimitri Badra",
"Dino Prizmic",188
"Dragos Nicolae Madaras",191
"Duilio Beretta",178
"Dzmitry Zhyrmont",188
"Edas Butvilas",191
"Edgars Manusis",
"Edris Fetisleam",
"Eduardo Nava",180
"Eero Vasa",188
"Elmer Moller",183
"Eric Jr. Olivarez",178
"Erik Arutiunian",
"Evan Furness",173
"Evgenii Tiurnev",191
"Facundo Mena",183
"Filip Misolic",180
"Finn Reynolds",
"Fitriadi M Rifqi",
"Flavio Cobolli",
"Francesco Maestrelli",196
"Francesco Passaro",180
"Franco Agamenone",191
"Franz Luna Lavidalie",
"Gabi Adrian Boitan",185
"Gabriel Diallo",203
"Gabriel Donev",180
"Gijs Brouwer",191
"Gilles Arnaud Bailly",180
"Gonzalo Villanueva",175
"Gunawan Trismuwantara",
"Hady Habib",188
"Hasan Ibrahim",
"Haydn Lewis",
"Hazem Naw",183
"Henri Squire",196
"Hernan Casanova",178
"Hernando Jose Escurra Isnardi",
"Hong Kit Jack Wong",
"Hugo Nys",185
"Ignacio Garcia",178
"Isaac Becroft",178
"Ismael Changawa Ruwa Mzai",
"Ivan Endara",179
"Ivan Gakhov",191
"Jabor Al Mutawa",180
"Jack Mingjie Lin",178
"Jad Ballout",
"Jan Zielinski",180
"Jeson Patrombon",
"Jesper De Jong",180
"Jirat Navasirisomboon",175
"Johannes Ingildsen",193
"John Bryan Decasa Otico",
"Jordi Munoz Abreu",
"Jordi Samper Montana",
"Jorge Brian Panta Herreros",
"Juan Alejandro Hernandez Serrano",175
"Juan Borba",
"Juan Lugo",178
"Julian Saborio",185
"Juncheng Shang",180
"Jurabek Karimov",191
"Justin Barki",
"Kaipo Marshall",191
"Karlis Ozolins",193
"Kasidit Samrej",
"Kenneth Raisma",193
"Kevin Cheruiyot",
"Ki Lung Ng",175
"Kiranpal Pannu",185
"Kuan Yi Lee",178
"Kyle Johnson",196
"Learner Tien",180
"Lleyton Cronje",188
"Lluis Miralles",191
"Luca Van Assche",178
"Lucky Candra Kurniawan",
"Luis Carlos Alvarez Valdes",178
"Luis David Martinez",178
"Luis Diego Chavez Villalpando",
"M Abid Ali Khan Akbar",
"Maks Kasnikowski",178
"Manuel Guinard",198
"Mark Chigaazira",183
"Mark Lajal",188
"Martin Antonio Vergara Del Puerto",
"Matic Kriznik",
"Matthew Foster Estwick",
"Mattias Siimar",
"Max Hans Rehberg",183
"Menelaos Efstathiou",183
"Michael Bassem Sobhy",
"Michel Saade",
"Mili Poljicak",185
"Minjong Park",
"Mohsen Hossein Zade",
"Mubarak Shannan Zayid",
"Muhammad Althaf Dhaifullah",
"Muhammad Shoaib",
"Muzammil Murtaza",
"N Sriram Balaji",183
"Nam Hoang Ly",175
"Nathan Anthony Barki",178
"Nicholas David Ionel",183
"Nick Chappell",178
"Nicolaas Scholtz",
"Nikoloz Davlianidze",
"Olaf Pieczkowski",183
"Pak Long Yeung",
"Palaphoom Kovapitukted",178
"Peter August Anker",
"Peter Bothwell",175
"Philip Henning",183
"Phuong Van Nguyen",175
"Rafael Eduardo Gonzalez Retana",
"Rigele Te",188
"Rinky Hijikata",178
"Rio Noguchi",168
"Rodrigo Arus",193
"Rodrigo Crespo Piedra",
"Rodrigo Pacheco Mendez",191
"Roey Tabet",
"Roman Hassanov",
"Rowland Phillips",
"Ryan Peniston",183
"Santiago Fa Rodriguez Taverna",191
"Scott Griekspoor",188
"Sebastian Arcila",
"Sebastian Dominguez",175
"Sebastian Dominko",
"Seong Chan Hong",175
"Sergey Fomin",180
"Shahin Khaledan",
"Sharmal Dissanayake",
"Sheil Kotecha",
"Shintaro Mochizuki",
"Sho Shimabukuro",183
"Siim Troost",
"Simen Sunde Bratholm",
"Simon Carr",183
"Skander Mansouri",193
"Skyler Butts",178
"Soren Hess Olesen",188
"Soufiane El Mesbahi",183
"Stylianos Christodoulou",
"Sylvestre Monnou",
"Takanyi Garanganga",185
"Tegar Abdi Satrio Wibowo",
"Thabo Ncube",180
"Thehan Sanjaya Wijemanne",
"Valentin Vacherot",193
"Viacheslav Bielinskyi",
"Vilius Gaubas",
"Vladimir Ivanov",
"Vladyslav Orlov",188
"Wai Yu Kai",
"William Blumberg",188
"Xavier Lawrence",188
"Yanki Erel",178
"Yasitha De Silva",
"Yassir Kilani",175
"Yunseong Chung",178
"Yuttana Charoenphon",178
